song_name,href,lyric,artist
น้ำแข็งบางบาง,/music/thailyric/5882,"บอกฉันให้เข้มให้แข็ง บอกฉันให้แกร่งเข้าไว้
บอกฉันให้เตรียมหัวใจไว้ให้แข็งแรง...
ถ้าหากวันพรุ่งนี้ไม่มีเธออีกแล้ว
จะอยู่ยังไง ถ้าอ่อนแออย่างนี้...

บอกฉันให้มีเหตุผล บอกฉันต้องทนให้ไว้
บอกฉันว่าเธอก็เสียใจอยู่เหมือนกัน
แต่เมื่อเธอรักเขา และไม่ได้รักฉัน
ที่อยู่กันไปก็ป่วยการ
แค่ความสงสารเท่านั้นมันคงไม่พอ...

แข็งแรงแค่ไหน ก็ผู้หญิงคนหนึ่ง
เป็นได้อย่างมาก ก็เพียงน้ำแข็งบางๆ
เมื่อไหร่ที่ทำให้รุ่มร้อน ก็หลอมก็ละลาย
แค่ถูกกระเทือนกระทบใจ
ก็แตกกระจายแหลกเหลวไม่มีชิ้นดี

พรุ่งนี้จะเป็นอย่างไร แค่นึกก็ทนไม่ได้ ใจจะขาด...

บอกฉันว่าอย่าหวั่นไหว อย่าเสียน้ำตาได้ไหม
บอกฉันต้องทำให้ได้นับจากนี้ไป...
ถ้าหากยังอ่อนไหว ถ้ายังเป็นอย่างนี้
เมื่อไหร่จะทำได้สักที
จะผ่านจะพ้นพรุ่งนี้ไปได้อย่างไร

แข็งแรงแค่ไหน ก็ผู้หญิงคนหนึ่ง
เป็นได้อย่างมาก ก็เพียงน้ำแข็งบางๆ
เมื่อไหร่ที่ทำให้รุ่มร้อน ก็หลอมก็ละลาย
แค่ถูกกระเทือนกระทบใจ
ก็แตกกระจายแหลกเหลวไม่มีชิ้นดี

รุ่มร้อนก็เพราะเธอ แหลกเหลวก็เพราะเธอ
ก็เพราะว่ารักเธอ",mai_charoenpura
น้ำหอมที่ไม่มีวันจาง,/music/thailyric/5884,"ได้ข่าวเมื่อเช้าว่าเธอนั้นกลับมา
เขาบอกว่าเห็นเธอมาเมื่อวาน
ฉันแค่ได้ข่าว ก็หวั่นไหวหัวใจเริ่มสั่น
ภาพเดิมๆ ก็เริ่มกลับมา กลิ่นเดิมๆ ก็เริ่มกลับมาหา...

หันมองข้าวของที่เธอทิ้งก่อนไป
น้ำตาใสๆ ก็คลอขึ้นมา
รู้ไหมฉันเก็บ ไม่ว่าของที่มันไร้ค่า...
ขวดน้ำหอมที่ว่างเปล่าของเธอ
ก็ยังคงวางตรงที่เดิม

เมื่อฉันยังเป็นคนเก่า ที่หัวใจยังเหมือนเดิม
คนเดิมที่รักเธออย่างหมดใจ
กลิ่นของน้ำหอมของเธอ ฉันยังจำได้ขึ้นใจ
(ยังอบอวลไม่หาย)
ไม่มีวันลบเลือน แม้จะนานเท่าไหร่
มันไม่เคยจางหายไปจากใจ

ทุกอย่างมันย้ำมันเตือนด้วยสิ่งเดิม
ทุกอย่างมันเริ่มต้นตรงที่ตรงนี้
และแล้วทุกอย่าง ก็จบลงที่ตรงนี้เช่นกัน
แต่ว่าฉันยังคงอยู่ที่เดิม จะให้ฉันลืมมันได้ไง

เมื่อฉันยังเป็นคนเก่า ที่หัวใจยังเหมือนเดิม
คนเดิมที่รักเธออย่างหมดใจ
กลิ่นของน้ำหอมของเธอ ฉันยังจำได้ขึ้นใจ
(ยังอบอวลไม่หาย)
ไม่มีวันลบเลือน แม้จะนานเท่าไหร่
มันไม่เคยจางหายไปจากใจ",mai_charoenpura
อย่าเอาน้ำตากลับบ้าน,/music/thailyric/5892,"รู้ดีว่าโหดร้าย ตอนเขาทิ้งเธอไป
น้ำตาที่กลั้นไว้ สุดท้ายไหลมาเป็นทาง
แต่อยากให้ทบทวน และคิดอีกครั้ง
เขามีทางกลับมาบ้างไหม

ขอร้องเถอะคนดี เพลงนั้นจงเลิกฟัง
ภาพเธอกับความหลัง เหล่านั้นขอให้เลิกดู
มันคงไม่มีทาง ที่เขาจะรู้
ขืนยิ่งฟัง ยิ่งดู ยิ่งเสียใจ ฮืม...เขาคงไม่กลับมา

เขาไม่อยู่แล้ว ขอให้เธอนั้นจงเข้าใจ
เขาไม่กลับแล้ว เขาทิ้งหัวใจของเธอเอาไว้
ที่ตรงไหน...ก็ทิ้งน้ำตาของเธอไว้ที่ตรงนั้น
อย่าเอาน้ำตาของเธอกลับมาบ้านเลย

ขอร้องเถอะคนดี ชีวิตเป็นของใคร
เสียใจสักแค่ไหน สุดท้ายเขาก็ไม่แคร์
เยียวยาหัวใจ อย่ายอม อย่าแพ้
รักษาใจเธอด้วยใจของเธอ
ฮืม...รักตัวเองเข้าไว้

เขาไม่อยู่แล้ว ขอให้เธอนั้นจงเข้าใจ
เขาไม่กลับแล้ว เขาทิ้งหัวใจของเธอเอาไว้...
ที่ตรงไหน...ก็ทิ้งน้ำตาของเธอไว้ที่ตรงนั้น
อย่าเอาน้ำตาของเธอกลับมาบ้านเลย

จบกัน..ที่ตรงไหน ก็ทิ้งน้ำตาของเธอไว้ที่ตรงนั้น
อย่าเอาน้ำตาของเธอ...กลับมาบ้านเลย...ฮือ....

ร้องไห้ที่ตรงนั้น แล้วไม่ต้องเอาน้ำตากลับมา",mai_charoenpura
อยากได้ยินว่ารักกัน,/music/thailyric/5890,"สิ่งที่ฉันไม่รู้ สิ่งที่ฉันไม่ค่อยรู้
ก็หัวใจของคน อ่านหนังสือเล่มไหน
วนเวียนวกวน แต่ไม่นาน ยังเข้าใจ

บอกให้ฉันรับรู้ บอกกับฉันว่าไม่รัก
ไม่ขอเป็นเพื่อนใจ
แต่ถ้าฉันได้เห็นแววตาครั้งใด
ไม่เหมือนคำที่พูดเลย

ใจคนเรายากเย็นเกินไป
ไม่เห็นต้องทำให้ยากเลย
อย่างฉันก็ทำ ก็เป็นเหมือนอย่างเคย
บอกเลยจากใจว่ารักเธอ

ปากเธอแข็งรู้ไหม แต่ว่าฉันก็รับไหว
ด้วยหัวใจที่รอ ได้แต่หวังซักครั้ง
คำเดียวก็พอ อยากได้ยินว่ารักกัน

ใจคนเรายากเย็นเกินไป
ไม่เห็นต้องทำให้ยากเลย
อย่างฉันก็ทำ ก็เป็นเหมือนอย่างเคย
บอกเลยจากใจว่ารักเธอ

ปากเธอแข็งรู้ไหม แต่ว่าฉันก็รับไหว
ด้วยหัวใจที่รอ ได้แต่หวังซักครั้ง
คำเดียวก็พอ อยากได้ยินว่ารักกัน

อยากได้ยินว่ารักกัน",mai_charoenpura
ใครสักคน,/music/thailyric/5880,"เคยมีบางคน ที่ฟ้าบังเอิญให้เจอะกัน ให้ฉันนั้นเคลิ้มไป
เคยมีบางคน ที่เข้ามาทำให้อุ่นใจ และคิดจะร่วมทาง
แต่พอไม่นานนักแล้วเขาก็ไป ไม่เคยมีคนไหนจริงจัง

เคยมีบางมือ ให้ฉันกุมมือเดินด้วยกัน แค่นั้นเขาก็ไป
และเคยมีแววตา ที่ฉันเคยมองแล้วสุขใจ และแล้วก็ลากัน

จะมีสักคนไหมที่รักกันจริง จะมีสักคนไหมคนที่เขาไม่จากไป

ให้เขาพร้อมให้ฉันจนหมดใจ จะมีไหมสักคน
ที่เกิดมาเพื่อจะมาอยู่ด้วยกัน ตื่นตอนเช้าก็ได้เห็นเขาก่อนใคร
และมีเขาข้างกายเมื่อหลับตา เขาคนเดียวเท่านั้นเอง

ที่ผูกพันเป็นตัวจริง ไม่ใช่เพียงเจอกันเพื่อจากไป จะขอแค่เพียงใครสักคน

จะมีสักคนไหมที่รักกันจริง จะมีสักคนไหมคนที่เขาไม่จากไป

และตัวฉันก็พร้อมให้เขาจนหมดใจ

ให้เขาพร้อมให้ฉันจนหมดใจ จะมีไหมสักคน
ที่เกิดมาเพื่อจะมาอยู่ด้วยกัน ตื่นตอนเช้าก็ได้เห็นเขาก่อนใคร
และมีเขาข้างกายเมื่อหลับตา เขาคนเดียวเท่านั้นเอง

จะมีสักคนไหมที่รักกันจริง จะมีสักคนไหมคนที่เขาไม่จากไป

ให้เขาพร้อมให้ฉันจนหมดใจ จะมีไหมสักคน
ที่เกิดมาเพื่อจะมาอยู่ด้วยกัน ตื่นตอนเช้าก็ได้เห็นเขาก่อนใคร
และมีเขาข้างกายเมื่อหลับตา เขาคนเดียวเท่านั้นเอง

ที่ผูกพันเป็นตัวจริง ไม่ใช่เพียงเจอกันเพื่อจากไป จะขอแค่เพียงใครสักคน",mai_charoenpura
เธอรู้หรือเปล่า,/music/thailyric/11617,"อาจจะดูว่ามันนาน
ผ่านมานานล่วงเลยไป
อาจจะดูว่าหัวใจ
ของฉันมันชินและชา
ดูไม่เป็นทุกข์ เหมือนไม่เสียใจ
เหมือนคนไม่มีน้ำตา
อาจจะดูว่าดีกว่าจากวันนั้น

อาจจะดูเหมือนแข็งแรง
แกร่งกว่าวันที่เธอไป
อาจจะดูเหมือนลืมง่าย
คล้ายๆ ไม่มีอะไร
มันไม่ใช่เลย มันไม่ใช่เลย
ยังไม่เคยลืมเลือนเธอไป
ไม่ว่านานเท่าไร

เธอรู้หรือเปล่า
ว่ามันเจ็บปวดรวดร้าวและทรมาน
เมื่อรู้ว่าไม่มีใคร
เธอรู้หรือเปล่า
ความเหงากับความว่างเปล่า
ปวดร้าวเพียงใด
เมื่อต้องคอยแต่คน ที่ไม่มีวันกลับมา

มันไม่ใช่เลย มันไม่ใช่เลย
ยังไม่เคยลืมเลือนเธอไป
ไม่ว่านานเท่าไร

เธอรู้หรือเปล่า
ว่ามันเจ็บปวดรวดร้าวและทรมาน
เมื่อรู้ว่าไม่มีใคร
เธอรู้หรือเปล่า
ความเหงากับความว่างเปล่า
ปวดร้าวเพียงใด
เมื่อต้องคอยแต่คน ที่ไม่มีวันกลับมา

เธอรู้หรือเปล่า
ความเหงากับความว่างเปล่า
ปวดร้าวเพียงใด
เมื่อต้องคอยแต่คนที่ไม่มีวันกลับมา",mai_charoenpura
ชั่วคราวหรือค้างคืนตลอดไป,/music/thailyric/5881,"เธอเข้ามาแค่เพียงชั่วคราว หรือมาค้างคืนตลอดไป
ใช่ไหม ว่าเธอรักจริงไม่ใช่หลอกๆ
เธอแน่ใจ กับคำพูดเธอแค่ไหนที่บอกรักกัน
It's not one-night stand ใช่ไหมเธอ

ฉันไม่ได้พูดง่ายๆ กับใคร
ฉันใช้คำนี้กับคนที่รัก
ฉันพูดว่ารักออกมาจากหัวใจ

You surely right. It' s right. That' s right

ฉันก็ไม่รู้มันจริงหรือเปล่า
ฉันก็ไม่รู้มันจริงไหมที่เธอบอกรัก
ที่เธอบอกฉัน ฉันจะเชื่อเธอได้ไหม

You surely right. It' s right. That' s right

เธอไม่ได้รักวันเดียวใช่ไหม
เธอจะมีฉันเรื่อยไปไหม ตื่นมาตอนเช้า
จะเจอเธอไหม ไม่ใช่แกล้งให้หวั่นไหว
แล้วก็ทิ้งกันไป no no no no no no

เธอเข้ามาแค่เพียงชั่วคราว หรือจะรักกันตลอดไป
ได้ไหม ถ้าไม่รักจริง อย่าเริ่มอย่าหลอก
เธอแน่ใจ อย่าตัดสินใจชั่ววูบมาบอกรักกัน
เพราะฉันจริงจัง เมื่อรักใคร

ฉันไม่ได้พูดง่ายๆ กับใคร
ฉันใช้คำนี้กับคนที่รัก
ฉันพูดว่ารักออกมาจากหัวใจ

You surely right. It' s right. That' s right

ฉันก็ไม่รู้มันจริงหรือเปล่า
ฉันก็ไม่รู้มันจริงไหมที่เธอบอกรัก
ที่เธอบอกฉัน ฉันจะเชื่อเธอได้ไหม

You surely right. It' s right. That' s right

เธอไม่ได้รักวันเดียวใช่ไหม
เธอจะมีฉันเรื่อยไปไหม ตื่นมาตอนเช้า
จะเจอเธอไหม ไม่ใช่แกล้งให้หวั่นไหว
แล้วก็ทิ้งกันไป

สัญญาก็คือสัญญา ไม่ได้พูดแต่ปาก
ไม่ได้พูดหลอกๆ รักจริง

You surely right. It' s right. That' s right

ฉันก็ไม่รู้มันจริงหรือเปล่า
ฉันก็ไม่รู้มันจริงไหมที่เธอบอกรัก
ที่เธอบอกฉัน ฉันจะเชื่อเธอได้ไหม

เธอไม่ได้รักวันเดียวใช่ไหม
เธอจะมีฉันเรื่อยไปไหม ตื่นมาตอนเช้า
จะเจอเธอไหม ไม่ใช่แกล้งให้หวั่นไหว
แล้วก็ทิ้งกันไป no no no no no no",mai_charoenpura
กระแซะเข้ามาซิ,/music/thailyric/5876,"เขยิบๆๆๆเข้ามาซิ กระแซะๆๆๆเข้ามาซิ
เขยิบๆๆๆเข้ามาซิ กระแซะๆๆๆเข้ามาซิ

หากว่าคุณรักปักดวงใจปอง
แต่คุณมั่วนั่งมองฉันก็ขอติ
ใกล้เข้ามานิดติดเข้ามาสิ
ถ้าจะริ่รักสาวต้องกล้าไว้
ลูกกะท้อนหนาถ้าจะให้หวาน
ค่อยๆทุบรับประทานหวานขึ้นมาได้
หากว่าชอบฉันหมันมาเอาใจ
จะไปไหนลูกไก่ในกำมือ

เขยิบๆๆๆเข้ามาซิ กระแซะๆๆๆเข้ามาซิ
เขยิบๆๆๆเข้ามาซิ กระแซะๆๆๆเข้ามาซิ

มาดก็น่าลุ้นหุ่นก็เจ๋งแจ๋ว
เชื่องดั่งแมวง่วงนอนในกุฏิ
ให้คนมือแปรขูดมะพร้าวนิด
บีบกะทิเมื่อไหร่จะได้มัน
ก็ตัวรักเขาเฝ้าแต่มอง
ตาห่างตั้งวาสองวาโถ....ยังขาสั่น
เกิดมาเป็นชายหากว่าอายกันอีกกี่วันจะได้
เจาะไข่แดง

เขยิบๆๆๆเข้ามาซิ กระแซะๆๆๆเข้ามาซิ
เขยิบๆๆๆเข้ามาซิ กระแซะๆๆๆเข้ามาซิ

มาดก็น่าลุ้นหุ่นก็เจ๋งแจ๋ว
เชื่องดั่งแมวง่วงนอนในกุฏิ
ให้คนมือแปรขูดมะพร้าวนิด
บีบกะทิเมื่อไหร่จะได้มัน
ก็ตัวรักเขาเฝ้าแต่มอง
ตาห่างตั้งวาสองวาโถ....ยังขาสั่น
เกิดมาเป็นชายหากว่าอายกันอีกกี่วันจะได้
เจาะไข่แดง

เขยิบๆๆๆเข้ามาซิ กระแซะๆๆๆเข้ามาซิ
เขยิบๆๆๆเข้ามาซิ กระแซะๆๆๆเข้ามาซิ

เขยิบๆๆๆเข้ามาซิ กระแซะๆๆๆเข้ามาซิ
เขยิบๆๆๆเข้ามาซิ กระแซะๆๆๆเข้ามาซิ",mai_charoenpura
กลับมาแล้ว,/music/thailyric/5877,"กลับมาแล้วๆฉันก็มายังไงก็มาจำได้ไหม รู้ว่าช้าไปยังไงเสร็จแล้วก็รีบมา
ฉันก็ร้อนใจจริงๆก็อยากกลับมาหา รู้ใช่ไหม...ว่าฉันคิดถึงคุณ

ก็ทางนั้นไม่ให้มาต้องเคลียร์ธุระให้เรียบร้อย คุณก็ต้องคอยมันน่าโมโหเสียจริงๆ
ฉันไม่ตั้งใจจะทำให้คุณถูกทอดทิ้ง รู้ใช่ไหม...ว่าฉันคิดถึงคุณ

อย่างนี้แล้วกันในเมื่อฉันทำให้คุณต้องอ้างว้าง จะขอกันสักครั้งขอให้คุณให้อภัย
อย่างนี้แล้วกันถ้าอย่างนั้นฉันก็คงต้องปลอบใจ จะอยู่กับคุณจะไม่ไปไหนจะชดจะใช้ให้หายคิดถึง

อยู่ทางนั้นฉันวุ่นวายยังไงก็ใจอยู่ทางนี้ คุณก็รู้ดีไม่มีคนไหนสำคัญกว่า
ขอให้เชื่อใจไม่มีอะไรจริงๆนะ รู้ใช่ไหม...ว่าฉันนั้นรักคุณ

อย่างนี้แล้วกันในเมื่อฉันทำให้คุณต้องอ้างว้าง จะขอกันสักครั้งขอให้คุณให้อภัย
อย่างนี้แล้วกันถ้าอย่างนั้นฉันก็คงต้องปลอบใจ จะอยู่กับคุณจะไม่ไปไหนจะชดจะใช้ให้หายคิดถึง

อยู่ทางนั้นฉันวุ่นวายยังไงก็ใจอยู่ทางนี้ คุณก็รู้ดีไม่มีคนไหนสำคัญกว่า
ขอให้เชื่อใจไม่มีอะไรจริงๆนะ รู้ใช่ไหม...ว่าฉันนั้นรักคุณ",mai_charoenpura
คนเดียวในหัวใจ,/music/thailyric/5879,"ไม่เคยมี วันใดๆ เวลาใด ที่เธอไปจากฉัน
จะเป็นวัน จะเป็นเดือน จะเป็นปี ฉันยังคงเก็บมาฝัน

แม้เราจะไม่มีวันพบเจอ กันเหมือนอย่างเดิม ไม่เหมือนอย่างเก่า
ฉันก็ยังคอย จะฟังข่าวคราว ของเธอเสมอ

มองจดหมาย กองหนังสือ หรือแจกัน ก็ยังคงอยู่ตรงนั้น
มองต้นไม้ มองทะเล และท้องฟ้า ก็ยังเป็นอยู่อย่างนั้น

ทุกๆ อย่างยังคงเป็นเหมือนเดิม ไม่เคยเปลี่ยนแปลง ยังเหมือนอย่างเก่า
เพียงแต่วันนี้ มองไปมันเหงา เพราะมันขาดเธอ

ไม่มีใครทดแทนเธอได้เลย ไม่มีใครเคยเข้ามาในใจ
ไม่มีใครมาแทนที่เธอได้เลย เธอคนเดิมคือคนเดียวในหัวใจ
และยังคงคิดถึงเธอตลอดมา และยังคิดถึงเธอทุกเวลา
และยังคิดถึงทุกทีที่หลับตา และไม่รู้ว่าเมื่อไหร่จะพบกัน ฉันรอแต่เธอ

ทุกๆ อย่างยังคงเป็นเหมือนเดิม ไม่เคยเปลี่ยนแปลง ยังเหมือนอย่างเก่า
เพียงแต่วันนี้ มองไปมันเหงา เพราะมันขาดเธอ

ไม่มีใครทดแทนเธอได้เลย ไม่มีใครเคยเข้ามาในใจ
ไม่มีใครมาแทนที่เธอได้เลย เธอคนเดิมคือคนเดียวในหัวใจ
และยังคงคิดถึงเธอตลอดมา และยังคิดถึงเธอทุกเวลา
และยังคิดถึงทุกทีที่หลับตา และไม่รู้ว่าเมื่อไหร่จะพบกัน ฉันรอแต่เธอ

ฉันรอแต่เธอ ฉันรอแต่เธอ",mai_charoenpura
น้ำค้างตอนเช้า,/music/thailyric/5883,"อยู่คนเดียวนอนมองดูฟ้าด้วยความสงสัย
ว่าทำไมคนเราถึงต้องมีความเหงา
ชีวิตก็อยากอยู่แล้ว ไม่เคยเป็นของเรา
ทุกครั้งยังมีเรื่องราวที่มันซับซ้อนให้ทำมากมาย
แต่ละวันวงจรชีวิตก็ดูซ้ำซ้ำ ก้อต้องทำทำทำและต้องทำต่อไป
บางครั้งเหมือนฉันไม่รู้ ฉันจะทำเพื่อใคร
เหมือนฉันไม่มีจุดหมายที่ใจเฝ้าคอย..

อยากรู้เหมือนกันว่าฉันมันเหงาอะไรมากมาย
อยากรู้ทำไมฉันจึงเหมือนดังคนเลื่อนลอย
กับภาระที่ฉันต้องรับมา เวลาที่มีก้อน้อย
แต่ใจยังคอยจะเหงาทุกทีที่เผลอ
เมื่อความจริงรอคอยความฝันทุกวันเช่นนี้
แต่ไม่มีใครเลยที่จะมาให้เจอ
เป็นเหมือนน้ำค้างตอนเช้า
ที่ยังนอนละเมอ แล้วแสงตะวันก็เผาให้แห้งไป

อยากรู้เหมือนกันว่าฉันมันเหงาอะไรมากมาย
อยากรู้ทำไมฉันจึงเหมือนดังคนเลื่อนลอย
กับภาระที่ฉันต้องรับมา เวลาที่มีก้อน้อย
แต่ใจยังคอยจะเหงาทุกทีที่เผลอ
เมื่อความจริงรอคอยความฝันทุกวันเช่นนี้
แต่ไม่มีใครเลยที่จะมาให้เจอ
เป็นเหมือนน้ำค้างตอนเช้า
ที่ยังนอนละเมอ แล้วแสงตะวันก็เผาให้แห้งไป
นี่เหรอชีวิตของฉัน ที่ยังคงละเมอ
และแล้ววันนึงชีวิตก็แห้งไป",mai_charoenpura
เรื่องของเธอ,/music/thailyric/5888,"ถอยๆไปๆ เลิกแล้วเลิกเลย ขอร้องทีเถอะ อยู่ให้ไกล
ถอยๆไปๆ ทิ้งแล้วทิ้งเลย ยึกยักทำป่วย อาจถึงตาย

เดินจากกันเฉยๆดีกว่า อย่ามัวค้างคาอย่ามารื้อฟื้น
ทิ้งกันแล้วให้แล้วกันเหอะ เจอะกันชาติเดียวเถอะนะ

ฉันไม่เสียน้ำตาให้เรื่องอะไรทำนองนั้น ฉันไม่เสียน้ำลายตอแยกับคนที่ทิ้งกัน
พอมันควรจะพอกันเสียที จะมาคืนดีคิดจะเริ่มใหม่อย่ามาหวัง
ฉันไม่ใช่ว่าคนจะยอมจำนนเป็นคนแพ้ ฉันไม่ใช่ว่าแคร์ถ้าใครจะทำชีวิตพัง
เชิญเลยเชิญลืมกันไปได้เลย จะกวนอารมณ์ฉันทำไม
ไม่มีอะไรกันอีกแล้ว จะเป็นจะตายก็เรื่องของเธอ

เดินจากกันเฉยๆดีกว่า อย่ามัวค้างคาอย่ามารื้อฟื้น
ทิ้งกันแล้วให้แล้วกันเหอะ เจอะกันชาติเดียวเถอะนะ

ฉันไม่เสียน้ำตาให้เรื่องอะไรทำนองนั้น ฉันไม่เสียน้ำลายตอแยกับคนที่ทิ้งกัน
พอมันควรจะพอกันเสียที จะมาคืนดีคิดจะเริ่มใหม่อย่ามาหวัง
ฉันไม่ใช่ว่าคนจะยอมจำนนเป็นคนแพ้ ฉันไม่ใช่ว่าแคร์ถ้าใครจะทำชีวิตพัง
เชิญเลยเชิญลืมกันไปได้เลย จะกวนอารมณ์ฉันทำไม
ไม่มีอะไรกันอีกแล้ว จะเป็นจะตายก็เรื่องของเธอ

จะเป็นจะตายก็เรื่องของเธอ จะเป็นจะตายก็เรื่องของเธอ
จะเป็นจะตายก็เรื่องของเธอ จะเป็นจะตายก็เรื่องของเธอ",mai_charoenpura
เสียใจได้ยินไหม,/music/thailyric/5889,"เพราะว่ารัก จึงเปรียบเธอนั้น เป็นดั่งชีวิต
ก็เพราะว่ารัก จึงเปรียบเธอนั้น เป็นดวงใจ

เพราะว่ารัก จึงเปี่ยมจึงล้น
ไปด้วยความหมาย
ทุ่มเททั้งใจ ทุ่มเททั้งกาย
และหวังให้เป็น ดั่งความฝัน

ไม่คิดว่าเธอ จะเปลี่ยนแปรผัน ไปได้เพียงนี้
ไม่คิดว่าเธอ จะให้สิ่งนี้ เป็นรางวัล
ไม่คิดว่าเธอ จะกลับทอดทิ้ง ไปจากใจฉัน
ได้แต่เสียใจ ได้แต่เสียใจ
บอกว่าฉันเสียใจ ได้ยินไหม

หวังจะเป็น ที่พึ่งสุดท้าย ให้กับชีวิต
เมื่อต้องสูญไป เมื่อต้องเสียไป
ฉันก็คล้ายเหมือนคน ที่สิ้นหวัง
ฉันกับเธอ นับจากวันนี้ เป็นแค่ความหลัง

แต่ยังเสียใจ แต่มันเสียใจ
บอกว่าฉันเสียใจ ได้ยินไหม
รักเธอมากเกิน รักเธอมากไป
รักเหลือเกิน รักจนไม่มีให้ใคร

หวังจนมากเกิน หวังจนมากไป
สูญเสียเธอ เหมือนจะขาดใจ
ไม่คิดว่าเธอ จะเปลี่ยนแปรผัน
ไปได้เพียงนี้

ไม่คิดว่าเธอ จะให้สิ่งนี้ เป็นรางวัล
ไม่คิดว่าเธอ จะกลับทอดทิ้ง ไปจากใจฉัน
ได้แต่เสียใจ ได้แต่เสียใจ
บอกว่าฉัน เสียใจได้ยินไหม

หวังจะเป็นที่พึ่งสุดท้าย ให้กับชีวิต
เมื่อต้องสูญไป เมื่อต้องเสียไป
ฉันก็คล้ายเหมือนคน ที่สิ้นหวัง
ฉันกับเธอ นับจากวันนี้ เป็นแค่ความหลัง

แต่ยังเสียใจ แต่มันเสียใจ
บอกว่าฉัน เสียใจได้ยินไหม
รักเธอมากเกิน รักเธอมากไป
รักเหลือเกิน รักจนไม่มีให้ใคร

หวังจนมากเกิน หวังจนมากไป
สูญเสียเธอ เหมือนจะขาดใจ

..หวังจนมากเกิน หวังจนมากไป
สูญเสียเธอ เหมือนจะขาดใจ",mai_charoenpura
อย่าฝากความหวัง,/music/thailyric/5891,"สิ่งที่ฉันกังวล เกี่ยวกับตัวฉันเอง
สิ่งที่ฉันยังเกรง ยังลังเลในใจ
แค่ผู้หญิงคนนึง ที่จิตใจวุ่นวาย
สิ่งที่ให้เธอไป อาจดีไม่พอ

อย่าฝากความหวัง ที่ฉันจนเกินไป
เพราะฉันไม่ได้มีทุกอย่าง ที่ควรจะต้องรอ

อย่าฝากความฝัน ให้ฉันคอยดูแล
ถึงแม้ภายในใจ จะรักเธอ
หมดตัวและหัวใจ แต่คงไม่ดีเพียงพอ

สิ่งที่ฉันเคยเจอ เจ็บและช้ำซมซาน
เก็บและฝังมานาน จนเป็นปมในใจ
อาจมีบ้างบางคราว ที่อ่อนแอมากมาย
อาจไม่เหมือนใครใคร ที่ใจแข็งแรง

อย่าฝากความหวัง ที่ฉันจนเกินไป
เพราะฉันไม่ได้มีทุกอย่าง ที่ควรจะต้องรอ

อย่าฝากความฝัน ให้ฉันคอยดูแล
ถึงแม้ภายในใจ จะรักเธอ
หมดตัวและหัวใจ แต่คงไม่ดีเพียงพอ

กลัวใจเธออาจ จะผิดหวัง
เพราะรักฉันแล้ว เธอคงเหนื่อย
เธอคงต้องเหนื่อย ต้องคอยเฝ้าดู สิ่งที่ฉันเป็น

อย่าฝากความหวัง ที่ฉันจนเกินไป
เพราะฉันไม่ได้มีทุกอย่าง ที่ควรจะต้องรอ

อย่าฝากความฝัน ให้ฉันคอยดูแล
ถึงแม้ภายในใจ จะรักเธอ
หมดตัวและหัวใจ แต่คงไม่ดีเพียงพอ

ที่จริงก็รักเธอ หมดตัวและหัวใจ แต่คงไม่ดีเพียงพอ",mai_charoenpura
แพ้ใจ,/music/thailyric/5886,"เก็บใจไว้ในลิ้นชัก คงไม่เจอแล้วรักแท้
เบื่อกับความปรวนแปร มันไม่แคร์และไม่หวัง
มันเหมือนคนชินชา ไม่มองไม่ฟัง และแล้วก็มีเธอเดินเข้ามา

เข้ามาค้นในลิ้นชัก ที่ปิดตายเพราะรักร้าว
ให้อภัยใจเมาเมา มาแบ่งเบาที่ฉันล้า
มาสนใจใยดี คนที่ไม่มีค่า ให้รู้ว่าตัวเองยังสำคัญ

เก่งมาจากไหน ก็แพ้หัวใจอย่างเธอ
เมื่อไหร่ที่เผลอ ยังนึกว่าเธออยู่ในฝัน
ยังมีอีกหรือ รักแท้ที่เคยเสาะหามานาน
วันนี้เป็นไงเป็นกันจะรักเธอ

เมื่อเธอรู้ว่าฉันรัก ก็อย่าทำให้ฉันหลง
บอกมาเลยตามตรง นี่เรื่องจริงหรือฉันเพ้อ
ตอนนี้ยังพอทำใจ ถ้าสิ่งที่ได้เจอ คือฝันคือละเมอและไม่จริง

เก่งมาจากไหน ก็แพ้หัวใจอย่างเธอ
เมื่อไหร่ที่เผลอ ยังนึกว่าเธออยู่ในฝัน
ยังมีอีกหรือ รักแท้ที่เคยเสาะหามานาน
วันนี้เป็นไงเป็นกันจะรักเธอ

เมื่อเธอรู้ว่าฉันรัก ก็อย่าทำให้ฉันหลง
บอกมาเลยตามตรง นี่เรื่องจริงหรือฉันเพ้อ
ตอนนี้ยังพอทำใจ ถ้าสิ่งที่ได้เจอ คือฝันคือละเมอและไม่จริง

วันนี้ฉันรักเธอ คือเรื่องจริง",mai_charoenpura
คนเดียวตลอดไป,/music/thailyric/5878,"ฉันไม่สนว่าอะไรที่ผู้คนเขาฝันจะมี
เมื่อวันนี้ฉันได้พบเพื่อนที่ดีที่จะไปกับฉันในโลกกว้างใหญ่
อยากไปไหนก็ไปด้วยกัน เรียกเธอนั้นว่าคนที่รู้ใจ
โลกของฉันสดใสก็เพราะมีคนอย่างเธอ

เพราะว่าฉันมีแต่เธอในจิตใจทุกวินาที
จากวันนี้ขอเพียงแค่เธอสั่งมา จะให้เป็นสิ่งไหนก็ตามใจเธอ

เป็นความฝันหรือเป็นความจริง เป็นเจ้าหญิงหรือเป็นทาสเธอ
ก็ยังพร้อมเสมอ จะทำให้เธอพอใจ

อยากให้รู้ว่ารักเธอ รักทุกๆวัน เหมือนที่เคยผ่านมา
จะยอมทำทุกๆสิ่งฉันนั้นพูดจริง ถือเป็นคำสัญญา
อยากจะขอแค่มีเพียงเธอ ในวันนี้และวันข้างหน้า
แค่ต้องการให้เธอรักฉันคนเดียวตลอดไป

เป็นความฝันหรือเป็นความจริง เป็นเจ้าหญิงหรือเป็นทาสเธอ
ก็ยังพร้อมเสมอ จะทำให้เธอพอใจ

อยากให้รู้ว่ารักเธอ รักทุกๆวัน เหมือนที่เคยผ่านมา
จะยอมทำทุกๆสิ่งฉันนั้นพูดจริง ถือเป็นคำสัญญา
อยากจะขอแค่มีเพียงเธอ ในวันนี้และวันข้างหน้า
แค่ต้องการให้เธอรักฉันคนเดียวตลอดไป

อยากจะขอแค่มีเพียงเธอ ในวันนี้และวันข้างหน้า
แค่ต้องการให้เธอรักฉันคนเดียว .. ตลอดไป",mai_charoenpura
ผู้หญิงกับงูพิษ,/music/thailyric/5885,"อย่าบังคับใจกันได้ไหม อย่าบีบคั้นหัวใจมากไปกว่านี้เลย
ที่เธอเห็นฉันทนและนิ่งเฉย ไม่ใช่ฉันไม่เคยโกรธและไม่รู้สึก

ผู้หญิงก็เหมือนงูพิษ ที่ไม่คิดจะทำร้ายใคร
แต่ถ้ามันถูกทำร้ายจนเกินไป จะยอมตายเพื่อป้องกันตัว

หากไม่รักไม่แคร์กับฉัน ปล่อยให้ฉันได้เดินจากไปด้วยดี
อย่าทำร้ายใจกันขนาดนี้ และอย่าคิดว่าฉันไม่มีทางสู้ใคร

ผู้หญิงก็เหมือนงูพิษ ที่ไม่คิดจะทำร้ายใคร
แต่ถ้ามันถูกทำร้ายจนเกินไป จะยอมตายเพื่อป้องกันตัว

ผู้หญิงก็เหมือนงูพิษ ที่ไม่คิดจะทำร้ายใคร
แต่ถ้ามันถูกทำร้ายจนเกินไป จะยอมตายเพื่อป้องกันตัว

แต่ถ้ารักก็รักหมดใจ ทุ่มทั้งตัวและเททั้งใจ
แต่เมื่อใดถูกทำร้ายจนเกินไป จะยอมตายเพื่อป้องกันตัว",mai_charoenpura
ฟังซิฟัง,/music/thailyric/5887,"ฟัง ซิฟัง และฟัง อย่างตั้ง ใจ
คำ ทุกคำ ออกมา จากข้างใน
อาจ เป็นเพียงครั้งเดียว
ที่ฉันเองจะพูดไป
อยาก ให้เธอรู้
ทุกคำ ของความในใจ ที่ไม่เคย เอ่ย

เรา คบกัน ผูกพัน กันแสน นาน
ยัง ไม่เคย พูดกัน อย่างนี้ เลย
จาก วันที่พบ กัน จนถึงวันที่คุ้นเคย
แต่ ไม่เคยเผย
เพราะกลัว ว่าความ คุ้นเคย
นั้นจะจาง ไป

เก็บ มาตั้งนาน เพื่อรอ วัน นี้
บอกไปเสียที ให้โล่ง ใจ
อัดอั้นเหลือเกิน เธอคง เข้าใจ
รู้ไว้เถอะนะ ว่ารักเธอมากมาย

..คง เข้าใจ ขอบคุณ ที่รับ ฟัง
มี สองทาง ที่มัน ต้องเป็นไป
หนึ่ง คือยังเหมือนเดิม
และสองคือ เราร้างไกล
แต่จะเป็นทางไหน
ต้องลองถามใจเธอเอง
นั่นคือคำ ตอบ ชู..ชู..ชู..ฮู้ วา
ชู..ชู..ชู..ฮ้า..

เก็บ มาตั้งนาน เพื่อรอ วัน นี้
บอกไปเสียที ให้โล่ง ใจ
อัดอั้นเหลือเกิน เธอคง เข้าใจ
รู้ไว้เถอะนะ ว่ารักเธอมากมาย

..คง เข้าใจ ขอบคุณ ที่รับ ฟัง
มี สองทาง ที่มัน ต้องเป็นไป
หนึ่ง คือยังเหมือนเดิม
และสองคือ เราร้างไกล
แต่จะเป็นทางไหน
ต้องลองถามใจเธอเอง
นั่นคือคำ ตอบ ชู..ชู..ชู..ฮู้ วา
ชู..ชู..ชู..ฮ้า..",mai_charoenpura
ขอแค่มีเธอ,/music/thailyric/9570,"อาจเป็นเพียงกาลเวลาที่ต่างไป
ความผูกพันยังโยงใยเรามาเจอ
ด้วยความรักที่ฉันนั้นมีต่อเธอ
ที่นำทางเราพบเจอทุกชาติไป

แค่มีเธอคอยรำพันคำว่ารัก
กอดฉันไว้ให้รับรู้เสียงหัวใจ
วันพรุ่งนี้แม้ต้องพบเจออะไร
ไม่หวั่นไหวเพียงข้างกายฉันมีเธอ

ต่อให้ฉันต้องสูญเสียสักเท่าไรก็ยอม
แค่เพียงขอให้ชีวิตฉันมีเธอ
หากจะตายฉันก็ยอมยอมตายเพื่อเธอ
ใจดวงนี้มันรักเธอไม่เสื่อมคลาย

ต่อให้ฉันต้องสูญเสียสักเท่าไรก็ยอม
แค่เพียงขอให้ชีวิตฉันมีเธอ
หากจะตายฉันก็ยอมยอมตายเพื่อเธอ
ใจดวงนี้มันรักเธอไม่เสื่อมคลาย

ต่อให้ฉันต้องสูญเสียสักเท่าไรก็ยอม
แค่เพียงขอให้ชีวิตฉันมีเธอ
หากจะตายฉันก็ยอมยอมตายเพื่อเธอ
ใจดวงนี้มันรักเธอไม่เสื่อมคลาย
ปรารถนาจะรักเธอตลอดไป",mai_charoenpura
ขาดใจ,/music/thailyric/13306,"ต้องเจ็บแค่ไหน ที่ต้องทำเป็นไม่รัก
เจ็บปวดยิ่งนัก ที่ต้องมาคอยห้ามใจ
ทำไมต้องรัก ให้ช้ำจนเกินไป อยากจะรู้

เธอคือรักแท้ ที่มันไม่อาจเป็นไป
เธอคือเปลวไฟ ที่เผาให้ใจร้อนรน
จะให้ไม่รัก ก็ช้ำจนเกินทน จะขาดใจ

ระหว่างความแค้นในใจ ที่ลบไม่ออก
กับความรักแท้ ที่เข้ามาให้ต้องปวดใจ
ไม่รู้จริงๆ ว่าหัวใจฉันควรเลือกอะไร
จะให้รักไปก็เจ็บ ขาดเธอก็ขาดใจ

เธอคือรักแท้ ที่มันไม่อาจเป็นไป
เธอคือเปลวไฟ ที่เผาให้ใจร้อนรน
จะให้ไม่รัก ก็ช้ำจนเกินทน จะขาดใจ

ระหว่างความแค้นในใจ ที่ลบไม่ออก
กับความรักแท้ ที่เข้ามาให้ต้องปวดใจ
ไม่รู้จริงๆ ว่าหัวใจฉันควรเลือกอะไร
จะให้รักไปก็เจ็บ ขาดเธอก็ขาดใจ

ระหว่างความแค้นในใจ ที่ลบไม่ออก
กับความรักแท้ ที่เข้ามาให้ต้องปวดใจ
ไม่รู้จริงๆ ว่าหัวใจฉันควรเลือกอะไร
จะให้รักไปก็เจ็บ ขาดเธอก็ขาดใจ",mai_charoenpura
ผิดหรือที่รักเธอ,/music/thailyric/15825,"อาจเพราะเป็นเวรเป็นกรรมที่ตามย้อนมาเอาคืน
ให้ฉันต้องยืนเดียวดายท่ามกลางน้ำตาลำพัง
ไม่คิดว่ารักที่มีที่เคยให้ไปจริงจัง
จะทำชีวิตเธอพัง จนยับเยิน

ผิดหรือที่รักคำเดียวบงการให้ฉันทำไป
ผิดชอบชั่วดียังไง เพื่อเธอหัวใจจะทำ
ก็รักเธอดังดวงใจ ทำไปไม่กลัวเวรกรรม
ขอแค่ได้ทำเพื่อเธอ เท่านั้นพอ

เจ็บปวดที่ทำเพราะรัก แต่รักก็ทำลาย
เผาให้ใจมลายไม่เหลือเศษซากใดๆ
ทิ้งให้ฉันต้องทนต้องอยู่กับความอ้างว้างจนตาย
ไม่มีเลย ไม่มีสักคนเข้าใจ ไม่เหลือใครสักคนเลย

ผิดหรือที่ฉันยอมเลวเพื่อเธอแก้วตาดวงใจ
ผิดหรือที่ฉันทำไปจนใครก็มองใจดำ
สุดท้ายต้องทำให้เธอต้องเป็นเหมือนคนมีกรรม
เพราะผลของการกระทำ ของฉันเอง

เจ็บปวดที่ทำเพราะรัก แต่รักก็ทำลาย
เผาให้ใจมลายไม่เหลือเศษซากใดๆ
ทิ้งให้ฉันต้องทนต้องอยู่กับความอ้างว้างจนตาย
ไม่มีเลย ไม่มีสักคนเข้าใจ ไม่เหลือใครสักคนเลย

เจ็บปวดที่ทำเพราะรัก แต่รักก็ทำลาย
เผาให้ใจมลายไม่เหลือเศษซากใดๆ
ทิ้งให้ฉันต้องทนต้องอยู่กับความอ้างว้างจนตาย
ไม่มีเลย ไม่มีสักคนเข้าใจ ไม่เหลือใครสักคนเลย",mai_charoenpura
รักไม่มีนิยาม,/music/thailyric/11751,"ฉันมันเป็นคนไม่ดีใช่ไหม
ที่ไปรักเธอคนนี้
ห้ามใจตัวเองไม่ได้สักที
มีเธอทุกลมหายใจ

แค่วันนี้ฉันได้รักเธอ
จะตายก็ไม่เสียใจ
ไม่ต้องมีเหตุผลใดอธิบาย
และใครจะตีความหมายสุดแล้วแต่เขา

เพราะความรัก มันไม่มีนิยาม
ใครจะมองสองเรายังไงก็ตาม
ไม่ได้สำคัญอะไร
และฉัน จะรักเธออย่างนี้เสมอไป
แม้ไม่มีใครเข้าใจ แค่เราเข้าใจกันก็พอ

แม้จะเสียใจในรักวันนี้
ยังดีซะกว่าเก็บไว้
ขอทำตามใจตัวเองได้ไหม
ฉันขอไม่แคร์สนใคร

ผิดด้วยหรือที่รักของเรา
ไม่เป็นอย่างคนทั่วไป
ไม่ต้องมีเหตุผลใดอธิบาย
และใครจะตีความหมายสุดแล้วแต่เขา

เพราะความรัก มันไม่มีนิยาม
ใครจะมองสองเรายังไงก็ตาม
ไม่ได้สำคัญอะไร
และฉัน จะรักเธออย่างนี้เสมอไป
แม้ไม่มีใครเข้าใจ แค่เราเข้าใจกันก็พอ

ความรักนั้นจะแท้ไม่แท้
มันก็แค่เรื่องคนสองคน

เพราะความรัก มันไม่มีนิยาม
ใครจะมองสองเรา ยังไงก็ตาม
ไม่ได้สำคัญอะไร
และฉัน จะรักเธออย่างนี้เสมอไป
แม้ไม่มีใครเข้าใจ แค่เราเข้าใจกันก็พอ",mai_charoenpura
