artist_name,url
bodyslam,https://www.siamzone.com/music/thailyric/%E0%B9%80%E0%B8%99%E0%B8%B7%E0%B9%89%E0%B8%AD%E0%B9%80%E0%B8%9E%E0%B8%A5%E0%B8%87-%E0%B8%9A%E0%B8%AD%E0%B8%94%E0%B8%B5%E0%B9%89%E0%B8%AA%E0%B9%81%E0%B8%A5%E0%B8%A1
da_endorphine,https://www.siamzone.com/music/thailyric/%E0%B9%80%E0%B8%99%E0%B8%B7%E0%B9%89%E0%B8%AD%E0%B9%80%E0%B8%9E%E0%B8%A5%E0%B8%87-%E0%B8%94%E0%B8%B2%20%E0%B9%80%E0%B8%AD%E0%B9%87%E0%B8%99%E0%B9%82%E0%B8%94%E0%B8%A3%E0%B8%9F%E0%B8%B4%E0%B8%99
bowkylion,https://www.siamzone.com/music/thailyric/%E0%B9%80%E0%B8%99%E0%B8%B7%E0%B9%89%E0%B8%AD%E0%B9%80%E0%B8%9E%E0%B8%A5%E0%B8%87-%E0%B9%82%E0%B8%9A%E0%B8%81%E0%B8%B5%E0%B9%89%E0%B9%84%E0%B8%A5%E0%B8%AD%E0%B9%89%E0%B8%AD%E0%B8%99
tilly_birds,https://www.siamzone.com/music/thailyric/%E0%B9%80%E0%B8%99%E0%B8%B7%E0%B9%89%E0%B8%AD%E0%B9%80%E0%B8%9E%E0%B8%A5%E0%B8%87-%E0%B8%97%E0%B8%B4%E0%B8%A5%E0%B8%A5%E0%B8%B5%E0%B9%88%E0%B9%80%E0%B8%9A%E0%B8%B4%E0%B8%A3%E0%B9%8C%E0%B8%94
the_parkinson,https://www.siamzone.com/music/thailyric/%E0%B9%80%E0%B8%99%E0%B8%B7%E0%B9%89%E0%B8%AD%E0%B9%80%E0%B8%9E%E0%B8%A5%E0%B8%87-%E0%B9%80%E0%B8%94%E0%B8%AD%E0%B8%B0%20%E0%B8%9E%E0%B8%B2%E0%B8%A3%E0%B9%8C%E0%B8%81%E0%B8%B4%E0%B8%99%E0%B8%AA%E0%B8%B1%E0%B8%99
dome_jaruwat,https://www.siamzone.com/music/thailyric/%E0%B9%80%E0%B8%99%E0%B8%B7%E0%B9%89%E0%B8%AD%E0%B9%80%E0%B8%9E%E0%B8%A5%E0%B8%87-%E0%B9%82%E0%B8%94%E0%B8%A1%20%E0%B8%88%E0%B8%B2%E0%B8%A3%E0%B8%B8%E0%B8%A7%E0%B8%B1%E0%B8%92%E0%B8%99%E0%B9%8C%20%E0%B9%80%E0%B8%8A%E0%B8%B5%E0%B9%88%E0%B8%A2%E0%B8%A7%E0%B8%AD%E0%B8%A3%E0%B9%88%E0%B8%B2%E0%B8%A1
the_toys,https://www.siamzone.com/music/thailyric/%E0%B9%80%E0%B8%99%E0%B8%B7%E0%B9%89%E0%B8%AD%E0%B9%80%E0%B8%9E%E0%B8%A5%E0%B8%87-%E0%B9%80%E0%B8%94%E0%B8%AD%E0%B8%B0%E0%B8%97%E0%B8%AD%E0%B8%A2
urboytj,https://www.siamzone.com/music/thailyric/%E0%B9%80%E0%B8%99%E0%B8%B7%E0%B9%89%E0%B8%AD%E0%B9%80%E0%B8%9E%E0%B8%A5%E0%B8%87-%E0%B8%A2%E0%B8%B1%E0%B8%A7%E0%B8%A3%E0%B9%8C%E0%B8%9A%E0%B8%AD%E0%B8%A2%E0%B8%97%E0%B8%B5%E0%B9%80%E0%B8%88
violette_wautier,https://www.siamzone.com/music/thailyric/%E0%B9%80%E0%B8%99%E0%B8%B7%E0%B9%89%E0%B8%AD%E0%B9%80%E0%B8%9E%E0%B8%A5%E0%B8%87-%E0%B8%A7%E0%B8%B5%20%E0%B8%A7%E0%B8%B4%E0%B9%82%E0%B8%AD%E0%B9%80%E0%B8%A5%E0%B8%95%20%E0%B8%A7%E0%B8%AD%E0%B9%80%E0%B8%97%E0%B8%B5%E0%B8%A2%E0%B8%A3%E0%B9%8C
lula,https://www.siamzone.com/music/thailyric/%E0%B9%80%E0%B8%99%E0%B8%B7%E0%B9%89%E0%B8%AD%E0%B9%80%E0%B8%9E%E0%B8%A5%E0%B8%87-%E0%B8%A5%E0%B8%B8%E0%B8%A5%E0%B8%B2
num_kala,https://www.siamzone.com/music/thailyric/%E0%B9%80%E0%B8%99%E0%B8%B7%E0%B9%89%E0%B8%AD%E0%B9%80%E0%B8%9E%E0%B8%A5%E0%B8%87-%E0%B8%AB%E0%B8%99%E0%B8%B8%E0%B9%88%E0%B8%A1%20%E0%B8%81%E0%B8%B0%E0%B8%A5%E0%B8%B2
blackhead,https://www.siamzone.com/music/thailyric/%E0%B9%80%E0%B8%99%E0%B8%B7%E0%B9%89%E0%B8%AD%E0%B9%80%E0%B8%9E%E0%B8%A5%E0%B8%87-%E0%B9%81%E0%B8%9A%E0%B8%A5%E0%B9%87%E0%B8%84%E0%B9%80%E0%B8%AE%E0%B8%94
groove_riders,https://www.siamzone.com/music/thailyric/%E0%B9%80%E0%B8%99%E0%B8%B7%E0%B9%89%E0%B8%AD%E0%B9%80%E0%B8%9E%E0%B8%A5%E0%B8%87-%E0%B8%81%E0%B8%A3%E0%B8%B9%E0%B9%8A%E0%B8%9F%E0%B9%84%E0%B8%A3%E0%B9%80%E0%B8%94%E0%B8%AD%E0%B8%A3%E0%B9%8C%E0%B8%AA
gavin_d,https://www.siamzone.com/music/thailyric/%E0%B9%80%E0%B8%99%E0%B8%B7%E0%B9%89%E0%B8%AD%E0%B9%80%E0%B8%9E%E0%B8%A5%E0%B8%87-%E0%B8%81%E0%B8%A7%E0%B8%B4%E0%B8%99%E0%B8%97%E0%B9%8C%20%E0%B8%94%E0%B8%B9%E0%B8%A7%E0%B8%B2%E0%B8%A5
kong_saharat,https://www.siamzone.com/music/thailyric/%E0%B9%80%E0%B8%99%E0%B8%B7%E0%B9%89%E0%B8%AD%E0%B9%80%E0%B8%9E%E0%B8%A5%E0%B8%87-%E0%B8%81%E0%B9%89%E0%B8%AD%E0%B8%87%20%E0%B8%AA%E0%B8%AB%E0%B8%A3%E0%B8%B1%E0%B8%96%20%E0%B8%AA%E0%B8%B1%E0%B8%87%E0%B8%84%E0%B8%9B%E0%B8%A3%E0%B8%B5%E0%B8%8A%E0%B8%B2
gam_wichayanee,https://www.siamzone.com/music/thailyric/%E0%B9%80%E0%B8%99%E0%B8%B7%E0%B9%89%E0%B8%AD%E0%B9%80%E0%B8%9E%E0%B8%A5%E0%B8%87-%E0%B9%81%E0%B8%81%E0%B9%89%E0%B8%A1%20%E0%B8%A7%E0%B8%B4%E0%B8%8A%E0%B8%8D%E0%B8%B2%E0%B8%93%E0%B8%B5%20%E0%B9%80%E0%B8%9B%E0%B8%B5%E0%B8%A2%E0%B8%81%E0%B8%A5%E0%B8%B4%E0%B9%88%E0%B8%99
klear,https://www.siamzone.com/music/thailyric/%E0%B9%80%E0%B8%99%E0%B8%B7%E0%B9%89%E0%B8%AD%E0%B9%80%E0%B8%9E%E0%B8%A5%E0%B8%87-%E0%B9%80%E0%B8%84%E0%B8%A5%E0%B8%B5%E0%B8%A2%E0%B8%A3%E0%B9%8C
chilling_Sunday,https://www.siamzone.com/music/thailyric/%E0%B9%80%E0%B8%99%E0%B8%B7%E0%B9%89%E0%B8%AD%E0%B9%80%E0%B8%9E%E0%B8%A5%E0%B8%87-%E0%B8%8A%E0%B8%B4%E0%B8%A5%E0%B8%A5%E0%B8%B4%E0%B9%88%E0%B8%87%20%E0%B8%8B%E0%B8%B1%E0%B8%99%E0%B9%80%E0%B8%94%E0%B8%A2%E0%B9%8C
zani,https://www.siamzone.com/music/thailyric/%E0%B9%80%E0%B8%99%E0%B8%B7%E0%B9%89%E0%B8%AD%E0%B9%80%E0%B8%9E%E0%B8%A5%E0%B8%87-%E0%B8%8B%E0%B8%B2%E0%B8%99%E0%B8%B4%20%E0%B8%99%E0%B8%B4%E0%B8%A0%E0%B8%B2%E0%B8%A0%E0%B8%A3%E0%B8%93%E0%B9%8C%20%E0%B8%90%E0%B8%B4%E0%B8%95%E0%B8%B4%E0%B8%98%E0%B8%99%E0%B8%81%E0%B8%B2%E0%B8%A3
safeplanet,https://www.siamzone.com/music/thailyric/%E0%B9%80%E0%B8%99%E0%B8%B7%E0%B9%89%E0%B8%AD%E0%B9%80%E0%B8%9E%E0%B8%A5%E0%B8%87-%E0%B9%80%E0%B8%8B%E0%B8%9F%E0%B9%81%E0%B8%9E%E0%B8%A5%E0%B8%99%E0%B9%80%E0%B8%99%E0%B9%87%E0%B8%95
zom_marie,https://www.siamzone.com/music/thailyric/%E0%B9%80%E0%B8%99%E0%B8%B7%E0%B9%89%E0%B8%AD%E0%B9%80%E0%B8%9E%E0%B8%A5%E0%B8%87-%E0%B8%AA%E0%B9%89%E0%B8%A1%20%E0%B8%A1%E0%B8%B2%E0%B8%A3%E0%B8%B5%20%E0%B9%80%E0%B8%AD%E0%B8%AD%E0%B9%80%E0%B8%88%E0%B8%99%E0%B8%B5%20%E0%B9%80%E0%B8%A5%E0%B8%AD%E0%B9%80%E0%B8%A5%E0%B8%A2%E0%B9%8C
d2b,https://www.siamzone.com/music/thailyric/%E0%B9%80%E0%B8%99%E0%B8%B7%E0%B9%89%E0%B8%AD%E0%B9%80%E0%B8%9E%E0%B8%A5%E0%B8%87-%E0%B8%94%E0%B8%B5%E0%B8%97%E0%B8%B9%E0%B8%9A%E0%B8%B5
singto_numchok,https://www.siamzone.com/music/thailyric/%E0%B9%80%E0%B8%99%E0%B8%B7%E0%B9%89%E0%B8%AD%E0%B9%80%E0%B8%9E%E0%B8%A5%E0%B8%87-%E0%B8%AA%E0%B8%B4%E0%B8%87%E0%B9%82%E0%B8%95%20%E0%B8%99%E0%B8%B3%E0%B9%82%E0%B8%8A%E0%B8%84
non_tanont,https://www.siamzone.com/music/thailyric/%E0%B9%80%E0%B8%99%E0%B8%B7%E0%B9%89%E0%B8%AD%E0%B9%80%E0%B8%9E%E0%B8%A5%E0%B8%87-%E0%B8%99%E0%B8%99%E0%B8%97%E0%B9%8C%20%E0%B8%98%E0%B8%99%E0%B8%99%E0%B8%97%E0%B9%8C%20%E0%B8%88%E0%B8%B3%E0%B9%80%E0%B8%A3%E0%B8%B4%E0%B8%8D
etc,https://www.siamzone.com/music/thailyric/%E0%B9%80%E0%B8%99%E0%B8%B7%E0%B9%89%E0%B8%AD%E0%B9%80%E0%B8%9E%E0%B8%A5%E0%B8%87-%E0%B8%AD%E0%B8%B5%E0%B8%97%E0%B8%B5%E0%B8%8B%E0%B8%B5
bie_sukrit,https://www.siamzone.com/music/thailyric/%E0%B9%80%E0%B8%99%E0%B8%B7%E0%B9%89%E0%B8%AD%E0%B9%80%E0%B8%9E%E0%B8%A5%E0%B8%87-%E0%B8%9A%E0%B8%B5%E0%B9%89%20%E0%B8%AA%E0%B8%B8%E0%B8%81%E0%B8%A4%E0%B8%A9%E0%B8%8E%E0%B8%B4%E0%B9%8C%20%E0%B8%A7%E0%B8%B4%E0%B9%80%E0%B8%A8%E0%B8%A9%E0%B9%81%E0%B8%81%E0%B9%89%E0%B8%A7
getsunova,https://www.siamzone.com/music/thailyric/%E0%B9%80%E0%B8%99%E0%B8%B7%E0%B9%89%E0%B8%AD%E0%B9%80%E0%B8%9E%E0%B8%A5%E0%B8%87-%E0%B9%80%E0%B8%81%E0%B9%87%E0%B8%97%E0%B8%AA%E0%B8%B6%E0%B9%82%E0%B8%99%E0%B8%A7%E0%B9%88%E0%B8%B2
three_man_down,https://www.siamzone.com/music/thailyric/%E0%B9%80%E0%B8%99%E0%B8%B7%E0%B9%89%E0%B8%AD%E0%B9%80%E0%B8%9E%E0%B8%A5%E0%B8%87-%E0%B8%97%E0%B8%A3%E0%B8%B5%20%E0%B9%81%E0%B8%A1%E0%B8%99%20%E0%B8%94%E0%B8%B2%E0%B8%A7%E0%B8%99%E0%B9%8C
rose_sirinthip,https://www.siamzone.com/music/thailyric/%E0%B9%80%E0%B8%99%E0%B8%B7%E0%B9%89%E0%B8%AD%E0%B9%80%E0%B8%9E%E0%B8%A5%E0%B8%87-%E0%B9%82%E0%B8%A3%E0%B8%AA%20%E0%B8%A8%E0%B8%B4%E0%B8%A3%E0%B8%B4%E0%B8%99%E0%B8%97%E0%B8%B4%E0%B8%9E%E0%B8%A2%E0%B9%8C%20%E0%B8%AB%E0%B8%B2%E0%B8%8D%E0%B8%9B%E0%B8%A3%E0%B8%B0%E0%B8%94%E0%B8%B4%E0%B8%A9%E0%B8%90%E0%B9%8C
dan_worrawech,https://www.siamzone.com/music/thailyric/%E0%B9%80%E0%B8%99%E0%B8%B7%E0%B9%89%E0%B8%AD%E0%B9%80%E0%B8%9E%E0%B8%A5%E0%B8%87-%E0%B9%81%E0%B8%94%E0%B8%99%20%E0%B8%A7%E0%B8%A3%E0%B9%80%E0%B8%A7%E0%B8%8A%20%E0%B8%94%E0%B8%B2%E0%B8%99%E0%B8%B8%E0%B8%A7%E0%B8%87%E0%B8%A8%E0%B9%8C
