name,id
bird_thongchai,0
tata_young,1
beau_sunita,2
potato,3
aof_pongsak,4
parn_thanaporn,5
pu_pongsit,6
punch_vorakan,7
j_jetrin,8
stamp_apiwat,9
rose_sirinthip,10
pongpat_wachirabunjong,11
bodyslam,12
marsha,13
legendboy,14
scrubb,15
carabao,16
bie_sukrit,17
wan_thanakrit,18
keng_tachaya,19
panadda_ruangwut,20
jintara_poonlarb,21
singto_numchok,22
tattoo_colour,23
lipta,24
dunk_phunkorn,25
paradox,26
takkatan_chollada,27
labanoon,28
ice_sarunyu,29
new_jiew,30
big_ass,31
petch_saharat,32
etc,33
urboytj,34
palapol,35
maew_jirasak,36
ann_thitima,37
add_carabao,38
bnk48,39
peck_palitchoke,40
tor_saksit,41
nicole_theriault,42
da_endorphine,43
pancake,44
slot_machine,45
vkl,46
lula,47
25_hours,48
gam_wichayanee,49
cocktail,50
film_rattapoom,51
palmy,52
gun_napat,53
silly_fools,54
pai_pongsatorn,55
f_hero,56
klear,57
mc_king,58
lomosonic,59
m_attapol,60
nut_meria,61
sek_loso,62
gavin_d,63
